-- ================================== USER
insert into USER (ID,FIRSTNAME,LASTNAME,PASSWD,EMAIL,PUPPETFTP_ROLE,CREATED_AT) values (2,'User','User','user','user@puppet.ftp',2,datetime());
insert into USER (ID,FIRSTNAME,LASTNAME,PASSWD,EMAIL,PUPPETFTP_ROLE,CREATED_AT) values (3,'Jessica','Sanchez','FPJ34xtj5Qe','lacinia.vitae.sodales@lobortis.ca',2,datetime());
insert into USER (ID,FIRSTNAME,LASTNAME,PASSWD,EMAIL,PUPPETFTP_ROLE,CREATED_AT) values (4,'Brandon','Duncan','MVI12qyw1Xi','dolor.vitae.dolor@facilisisegetipsum.com',2,datetime());
insert into USER (ID,FIRSTNAME,LASTNAME,PASSWD,EMAIL,PUPPETFTP_ROLE,CREATED_AT) values (5,'Cynthia','Curry','TTW87fdx1Ha','tempus.mauris@Donecvitaeerat.ca',2,datetime());
insert into USER (ID,FIRSTNAME,LASTNAME,PASSWD,EMAIL,PUPPETFTP_ROLE,CREATED_AT) values (6,'Halla','Simpson','XNT25wev3Nb','vehicula.Pellentesque@facilisisnonbibendum.edu',2,datetime());
insert into USER (ID,FIRSTNAME,LASTNAME,PASSWD,EMAIL,PUPPETFTP_ROLE,CREATED_AT) values (7,'Macy','Fletcher','KTO41ihx2Jh','nostra@feugiattelluslorem.org',2,datetime());
insert into USER (ID,FIRSTNAME,LASTNAME,PASSWD,EMAIL,PUPPETFTP_ROLE,CREATED_AT) values (8,'Noble','Nunez','DBF16mzb6Mr','tempor.lorem.eget@placeratCras.com',2,datetime());
insert into USER (ID,FIRSTNAME,LASTNAME,PASSWD,EMAIL,PUPPETFTP_ROLE,CREATED_AT) values (9,'Solomon','Merrill','MCZ71goz7Xs','gravida.non@Cumsociisnatoque.edu',2,datetime());
insert into USER (ID,FIRSTNAME,LASTNAME,PASSWD,EMAIL,PUPPETFTP_ROLE,CREATED_AT) values (10,'Brynn','Christensen','MUQ17nph8Fe','eu.neque@tellus.com',2,datetime());
insert into USER (ID,FIRSTNAME,LASTNAME,PASSWD,EMAIL,PUPPETFTP_ROLE,CREATED_AT) values (11,'Natalie','Barker','KLX18yxn1Iq','amet@ullamcorpereu.ca',2,datetime());
insert into USER (ID,FIRSTNAME,LASTNAME,PASSWD,EMAIL,PUPPETFTP_ROLE,CREATED_AT) values (12,'Jillian','Lawrence','NIS68kyh8Iz','nec.metus.facilisis@elita.ca',2,datetime());
insert into USER (ID,FIRSTNAME,LASTNAME,PASSWD,EMAIL,PUPPETFTP_ROLE,CREATED_AT) values (13,'Quinn','Rush','UXD42xxe8Cr','justo.Proin@neque.com',2,datetime());
insert into USER (ID,FIRSTNAME,LASTNAME,PASSWD,EMAIL,PUPPETFTP_ROLE,CREATED_AT) values (14,'Jessica','Cote','CJO02imc2Tw','gravida@diamdictumsapien.ca',2,datetime());
insert into USER (ID,FIRSTNAME,LASTNAME,PASSWD,EMAIL,PUPPETFTP_ROLE,CREATED_AT) values (15,'Allen','Solomon','EWY82ovh8Qu','lacinia@amet.ca',2,datetime());
insert into USER (ID,FIRSTNAME,LASTNAME,PASSWD,EMAIL,PUPPETFTP_ROLE,CREATED_AT) values (16,'Urielle','Edwards','MDA31nch5Ci','ornare.In@adipiscing.edu',2,datetime());
insert into USER (ID,FIRSTNAME,LASTNAME,PASSWD,EMAIL,PUPPETFTP_ROLE,CREATED_AT) values (17,'Tanisha','Wallace','STP58iqk1Ai','id.blandit@nequevitae.ca',2,datetime());
insert into USER (ID,FIRSTNAME,LASTNAME,PASSWD,EMAIL,PUPPETFTP_ROLE,CREATED_AT) values (18,'Vernon','Whitfield','XLB27ilc4Wa','cursus.et@ProinmiAliquam.edu',2,datetime());
insert into USER (ID,FIRSTNAME,LASTNAME,PASSWD,EMAIL,PUPPETFTP_ROLE,CREATED_AT) values (19,'Erica','Pollard','YLT28htg1Ke','auctor@semmolestie.org',2,datetime());
insert into USER (ID,FIRSTNAME,LASTNAME,PASSWD,EMAIL,PUPPETFTP_ROLE,CREATED_AT) values (20,'Justina','Zimmerman','NYW53lhh5Vp','tristique@eget.edu',2,datetime());

-- ================================== SERVER
insert into SERVER (ID, NAME, ADDRESS, PORT) values (1, 'server 1', 'ftp1.puppet.ftp', 21);
insert into SERVER (ID, NAME, ADDRESS, PORT) values (2, 'server 2', 'ftp2.puppet.ftp', 22);
insert into SERVER (ID, NAME, ADDRESS, PORT) values (3, 'server 3', 'ftp3.puppet.ftp', 53);
insert into SERVER (ID, NAME, ADDRESS, PORT) values (4, 'server 4', 'ftp4.puppet.ftp', 22);
insert into SERVER (ID, NAME, ADDRESS, PORT) values (5, 'server 5', 'ftp5.puppet.ftp', 76);
insert into SERVER (ID, NAME, ADDRESS, PORT) values (6, 'server 6', 'ftp6.puppet.ftp', 4242);
insert into SERVER (ID, NAME, ADDRESS, PORT) values (7, 'server 7', 'ftp7.puppet.ftp', 21);
insert into SERVER (ID, NAME, ADDRESS, PORT) values (8, 'server 8', 'ftp8.puppet.ftp', 765);
insert into SERVER (ID, NAME, ADDRESS, PORT) values (9, 'server 9', 'ftp9.puppet.ftp', 21);

-- ================================== ACCESSIBLE_SERVER
insert into ACCESSIBLE_SERVER (USER,SERVER,SERVER_ROLE) values (2,3,3);
insert into ACCESSIBLE_SERVER (USER,SERVER,SERVER_ROLE) values (2,4,3);
insert into ACCESSIBLE_SERVER (USER,SERVER,SERVER_ROLE) values (2,5,3);
insert into ACCESSIBLE_SERVER (USER,SERVER,SERVER_ROLE) values (2,9,2);
insert into ACCESSIBLE_SERVER (USER,SERVER,SERVER_ROLE) values (3,2,1);
insert into ACCESSIBLE_SERVER (USER,SERVER,SERVER_ROLE) values (3,5,2);
insert into ACCESSIBLE_SERVER (USER,SERVER,SERVER_ROLE) values (4,9,1);
insert into ACCESSIBLE_SERVER (USER,SERVER,SERVER_ROLE) values (5,7,2);
insert into ACCESSIBLE_SERVER (USER,SERVER,SERVER_ROLE) values (6,9,1);
insert into ACCESSIBLE_SERVER (USER,SERVER,SERVER_ROLE) values (7,2,1);
insert into ACCESSIBLE_SERVER (USER,SERVER,SERVER_ROLE) values (8,3,1);
insert into ACCESSIBLE_SERVER (USER,SERVER,SERVER_ROLE) values (8,8,2);
insert into ACCESSIBLE_SERVER (USER,SERVER,SERVER_ROLE) values (9,2,1);
insert into ACCESSIBLE_SERVER (USER,SERVER,SERVER_ROLE) values (9,6,3);
insert into ACCESSIBLE_SERVER (USER,SERVER,SERVER_ROLE) values (9,8,1);
insert into ACCESSIBLE_SERVER (USER,SERVER,SERVER_ROLE) values (10,1,3);
insert into ACCESSIBLE_SERVER (USER,SERVER,SERVER_ROLE) values (10,6,1);
insert into ACCESSIBLE_SERVER (USER,SERVER,SERVER_ROLE) values (10,7,2);
insert into ACCESSIBLE_SERVER (USER,SERVER,SERVER_ROLE) values (10,8,1);
insert into ACCESSIBLE_SERVER (USER,SERVER,SERVER_ROLE) values (11,3,3);
insert into ACCESSIBLE_SERVER (USER,SERVER,SERVER_ROLE) values (11,4,3);
insert into ACCESSIBLE_SERVER (USER,SERVER,SERVER_ROLE) values (11,6,1);
insert into ACCESSIBLE_SERVER (USER,SERVER,SERVER_ROLE) values (11,8,2);
insert into ACCESSIBLE_SERVER (USER,SERVER,SERVER_ROLE) values (12,3,3);
insert into ACCESSIBLE_SERVER (USER,SERVER,SERVER_ROLE) values (12,4,3);
insert into ACCESSIBLE_SERVER (USER,SERVER,SERVER_ROLE) values (12,6,3);
insert into ACCESSIBLE_SERVER (USER,SERVER,SERVER_ROLE) values (12,7,2);
insert into ACCESSIBLE_SERVER (USER,SERVER,SERVER_ROLE) values (13,1,3);
insert into ACCESSIBLE_SERVER (USER,SERVER,SERVER_ROLE) values (13,7,1);
insert into ACCESSIBLE_SERVER (USER,SERVER,SERVER_ROLE) values (14,5,3);
insert into ACCESSIBLE_SERVER (USER,SERVER,SERVER_ROLE) values (15,2,3);
insert into ACCESSIBLE_SERVER (USER,SERVER,SERVER_ROLE) values (15,3,2);
insert into ACCESSIBLE_SERVER (USER,SERVER,SERVER_ROLE) values (15,4,3);
insert into ACCESSIBLE_SERVER (USER,SERVER,SERVER_ROLE) values (16,1,3);
insert into ACCESSIBLE_SERVER (USER,SERVER,SERVER_ROLE) values (16,7,3);
insert into ACCESSIBLE_SERVER (USER,SERVER,SERVER_ROLE) values (17,4,1);
insert into ACCESSIBLE_SERVER (USER,SERVER,SERVER_ROLE) values (17,5,1);
insert into ACCESSIBLE_SERVER (USER,SERVER,SERVER_ROLE) values (17,8,2);
insert into ACCESSIBLE_SERVER (USER,SERVER,SERVER_ROLE) values (18,1,2);
insert into ACCESSIBLE_SERVER (USER,SERVER,SERVER_ROLE) values (18,3,3);
insert into ACCESSIBLE_SERVER (USER,SERVER,SERVER_ROLE) values (18,5,1);
insert into ACCESSIBLE_SERVER (USER,SERVER,SERVER_ROLE) values (18,7,3);
insert into ACCESSIBLE_SERVER (USER,SERVER,SERVER_ROLE) values (19,2,1);
insert into ACCESSIBLE_SERVER (USER,SERVER,SERVER_ROLE) values (19,7,1);
insert into ACCESSIBLE_SERVER (USER,SERVER,SERVER_ROLE) values (20,2,2);
insert into ACCESSIBLE_SERVER (USER,SERVER,SERVER_ROLE) values (20,4,2);
insert into ACCESSIBLE_SERVER (USER,SERVER,SERVER_ROLE) values (20,5,1);
insert into ACCESSIBLE_SERVER (USER,SERVER,SERVER_ROLE) values (20,6,2);
insert into ACCESSIBLE_SERVER (USER,SERVER,SERVER_ROLE) values (20,7,1);
insert into ACCESSIBLE_SERVER (USER,SERVER,SERVER_ROLE) values (20,8,1);
